timestamp,price,signal,position,future_return
2025-09-13 17:00:00,115571.78,1.0,1,0.0005376745084311185
2025-09-13 18:00:00,115633.92,1.0,0,0.0014113505794839387
2025-09-13 19:00:00,115797.12,1.0,0,0.0009392288858307563
2025-09-13 20:00:00,115905.88,1.0,0,-9.050446793557043e-05
2025-09-13 21:00:00,115895.39,1.0,0,-0.0002054438921168522
2025-09-13 22:00:00,115871.58,1.0,0,0.0004031186939885689
2025-09-13 23:00:00,115918.29,1.0,0,0.00014932932499278628
2025-09-14 00:00:00,115935.6,1.0,0,0.00023573432146806184
2025-09-14 01:00:00,115962.93,1.0,0,-0.0009484065295694011
2025-09-14 02:00:00,115852.95,1.0,0,-0.0014930133414815527
2025-09-14 03:00:00,115679.98,1.0,0,0.0006138486538467269
2025-09-14 04:00:00,115750.99,1.0,0,0.0009418493958452956
2025-09-14 05:00:00,115860.01,1.0,0,-0.001085620482856875
2025-09-14 06:00:00,115734.23,1.0,0,0.000614856987427137
2025-09-14 07:00:00,115805.39,1.0,0,0.0011053889633287906
2025-09-14 08:00:00,115933.4,1.0,0,0.0010237774446364423
2025-09-14 09:00:00,116052.09,1.0,0,-0.00021395564698578617
2025-09-14 10:00:00,116027.26,1.0,0,-0.0020025466429181016
2025-09-14 11:00:00,115794.91,1.0,0,-0.00016062882211320684
2025-09-14 12:00:00,115776.31,1.0,0,-0.003698597752856303
2025-09-14 13:00:00,115348.1,1.0,0,0.00046511385969938424
2025-09-14 14:00:00,115401.75,1.0,0,-0.0015401846159178723
2025-09-14 15:00:00,115224.01,1.0,0,0.0022216723754016066
2025-09-14 16:00:00,115480.0,1.0,0,0.0006724108070661483
2025-09-14 17:00:00,115557.65,1.0,0,-0.0014662811159623645
2025-09-14 18:00:00,115388.21,1.0,0,0.002138693372572442
2025-09-14 19:00:00,115634.99,1.0,0,0.0014456696887334974
2025-09-14 20:00:00,115802.16,1.0,0,0.002216884382812978
2025-09-14 21:00:00,116058.88,1.0,0,-0.0004245258958212039
2025-09-14 22:00:00,116009.61,1.0,0,-0.0063925738565969725
2025-09-14 23:00:00,115268.01,1.0,0,-0.001706371091163894
2025-09-15 00:00:00,115071.32,1.0,0,0.0013936574291490977
2025-09-15 01:00:00,115231.69,1.0,0,0.001133889470856575
2025-09-15 02:00:00,115362.35,1.0,0,0.0007203390014158817
2025-09-15 03:00:00,115445.45,1.0,0,0.005306055803844911
2025-09-15 04:00:00,116058.01,1.0,0,0.003980681729766067
2025-09-15 05:00:00,116520.0,1.0,0,-0.003347150703741808
2025-09-15 06:00:00,116129.99,1.0,0,-0.0027845520351806874
2025-09-15 07:00:00,115806.62,1.0,0,-0.009233928077686637
2025-09-15 08:00:00,114737.27,1.0,0,0.001144527841737908
2025-09-15 09:00:00,114868.59,1.0,0,-0.0008666424825097829
2025-09-15 10:00:00,114769.04,1.0,0,0.002622309988826288
2025-09-15 11:00:00,115070.0,1.0,0,-0.0030325888589555205
2025-09-15 12:00:00,114721.04,1.0,0,-0.0004965087485259145
2025-09-15 13:00:00,114664.08,1.0,0,0.00013500304541747
2025-09-15 14:00:00,114679.56,1.0,0,0.0014243165913785383
2025-09-15 15:00:00,114842.9,1.0,0,-0.001570232030016494
2025-09-15 16:00:00,114662.57,1.0,0,0.00398961928029351
2025-09-15 17:00:00,115120.03,1.0,0,0.0016309933206235527
2025-09-15 18:00:00,115307.79,1.0,0,-8.672440943158222e-08
2025-09-15 19:00:00,115307.78,1.0,0,0.0006262370154035413
2025-09-15 20:00:00,115379.99,1.0,0,0.0012828047566999512
2025-09-15 21:00:00,115528.0,1.0,0,-0.002077331902222923
2025-09-15 22:00:00,115288.01,1.0,0,0.0005351814121867804
2025-09-15 23:00:00,115349.71,1.0,0,-0.002263117956690208
2025-09-16 00:00:00,115088.66,1.0,0,-0.0005597423760081988
2025-09-16 01:00:00,115024.24,1.0,0,8.893777520291302e-05
2025-09-16 02:00:00,115034.47,1.0,0,0.0023712892318277223
2025-09-16 03:00:00,115307.25,1.0,0,0.0016977249912732972
2025-09-16 04:00:00,115503.01,1.0,0,0.003754361033534881
2025-09-16 05:00:00,115936.65,1.0,0,-0.001434404047382709
2025-09-16 06:00:00,115770.35,1.0,0,0.0006016220906301939
2025-09-16 07:00:00,115840.0,1.0,0,-0.0015645718232044636
2025-09-16 08:00:00,115658.76,1.0,0,-0.0015691850751295977
2025-09-16 09:00:00,115477.27,1.0,0,-0.0009076245048050824
2025-09-16 10:00:00,115372.46,1.0,0,-0.0007335372757069081
2025-09-16 11:00:00,115287.83,1.0,0,0.001314362496024124
2025-09-16 12:00:00,115439.36,1.0,0,-0.002073469568784847
2025-09-16 13:00:00,115200.0,1.0,0,0.0008407986111111931
2025-09-16 14:00:00,115296.86,1.0,0,0.005282190685852228
2025-09-16 15:00:00,115905.88,1.0,0,0.0013992387616572621
2025-09-16 16:00:00,116068.06,1.0,0,0.003390079923796474
2025-09-16 17:00:00,116461.54,1.0,0,-0.0003664729145775869
2025-09-16 18:00:00,116418.86,1.0,0,0.003274898929606307
2025-09-16 19:00:00,116800.12,1.0,0,0.00033690033880118264
2025-09-16 20:00:00,116839.47,1.0,0,-0.0003334489620674397
2025-09-16 21:00:00,116800.51,1.0,0,0.0004714876673055368
2025-09-16 22:00:00,116855.58,1.0,0,-0.0005701054241482595
2025-09-16 23:00:00,116788.96,1.0,0,-0.0019603736517562753
2025-09-17 00:00:00,116560.01,1.0,0,0.00087714474286682
2025-09-17 01:00:00,116662.25,1.0,0,0.00020726498931744608
2025-09-17 02:00:00,116686.43,1.0,0,-0.002694315011608439
2025-09-17 03:00:00,116372.04,1.0,0,-0.0005031277272443679
2025-09-17 04:00:00,116313.49,1.0,0,0.0068333432347356116
2025-09-17 05:00:00,117108.3,1.0,0,0.0010756709814760956
2025-09-17 06:00:00,117234.27,1.0,0,-0.0006123636032365765
2025-09-17 07:00:00,117162.48,1.0,0,-0.0025817138729054
2025-09-17 08:00:00,116860.0,1.0,0,-0.0026526613041246705
2025-09-17 09:00:00,116550.01,1.0,0,-0.0016376660971543222
2025-09-17 10:00:00,116359.14,1.0,0,-0.0008680882309717308
2025-09-17 11:00:00,116258.13,1.0,0,-0.00045751639046665016
2025-09-17 12:00:00,116204.94,1.0,0,-0.0008411862697058625
2025-09-17 13:00:00,116107.19,1.0,0,-0.004311360907106598
2025-09-17 14:00:00,115606.61,1.0,0,0.0023243480627967994
2025-09-17 15:00:00,115875.32,1.0,0,-0.0020241583798862317
2025-09-17 16:00:00,115640.77,1.0,0,-0.0011785635809932193
2025-09-17 17:00:00,115504.48,1.0,0,-0.0024029370981973885
2025-09-17 18:00:00,115226.93,1.0,0,0.0036891549570921
2025-09-17 19:00:00,115652.02,1.0,0,-0.0002641544868823287
2025-09-17 20:00:00,115621.47,1.0,0,0.0036059046818899265
2025-09-17 21:00:00,116038.39,1.0,0,0.0044924787391482646
2025-09-17 22:00:00,116559.69,1.0,0,-0.00096173900256602
2025-09-17 23:00:00,116447.59,1.0,0,-0.0008324775119863403
2025-09-18 00:00:00,116350.65,1.0,0,0.002442530402709364
2025-09-18 01:00:00,116634.84,1.0,0,0.00270613823451038
2025-09-18 02:00:00,116950.47,1.0,0,0.005397071084878968
2025-09-18 03:00:00,117581.66,1.0,0,0.00019986110078740182
2025-09-18 04:00:00,117605.16,1.0,0,-0.0028213047794841684
2025-09-18 05:00:00,117273.36,1.0,0,-0.0014575347717504794
2025-09-18 06:00:00,117102.43,1.0,0,-0.0001402191226945737
2025-09-18 07:00:00,117086.01,1.0,0,0.001226278015622917
2025-09-18 08:00:00,117229.59,1.0,0,0.0005904652571078195
2025-09-18 09:00:00,117298.81,1.0,0,-0.0009236240333554413
2025-09-18 10:00:00,117190.47,1.0,0,-0.0010843031860867658
2025-09-18 11:00:00,117063.4,1.0,0,0.0005235624456492172
2025-09-18 12:00:00,117124.69,1.0,0,0.002624126475809563
2025-09-18 13:00:00,117432.04,1.0,0,0.0017754950011938941
2025-09-18 14:00:00,117640.54,1.0,0,-0.000484356838212352
2025-09-18 15:00:00,117583.56,1.0,0,-0.0001527424412051115
2025-09-18 16:00:00,117565.6,1.0,0,0.00012188939621782247
2025-09-18 17:00:00,117579.93,1.0,0,0.0020670194309522216
2025-09-18 18:00:00,117822.97,1.0,0,-0.003163729449359498
2025-09-18 19:00:00,117450.21,1.0,0,0.0006039154804404756
2025-09-18 20:00:00,117521.14,1.0,0,-0.0018884262014475794
2025-09-18 21:00:00,117299.21,1.0,0,-0.002030618961542885
2025-09-18 22:00:00,117061.02,1.0,0,0.00010686734149412125
2025-09-18 23:00:00,117073.53,1.0,0,0.0029952970581821337
2025-09-19 00:00:00,117424.2,1.0,0,-0.0015574302401037965
2025-09-19 01:00:00,117241.32,1.0,0,-0.0010962005545485098
2025-09-19 02:00:00,117112.8,1.0,0,-0.0011546133300543993
2025-09-19 03:00:00,116977.58,1.0,0,0.00011173081200688273
2025-09-19 04:00:00,116990.65,1.0,0,-0.0008190398121559195
2025-09-19 05:00:00,116894.83,1.0,0,-0.0019254914866637662
2025-09-19 06:00:00,116669.75,1.0,0,0.0020589741556831243
2025-09-19 07:00:00,116909.97,1.0,0,5.055171941292791e-05
2025-09-19 08:00:00,116915.88,1.0,0,-0.0036597252657210033
2025-09-19 09:00:00,116488.0,1.0,0,0.00038355882150953313
2025-09-19 10:00:00,116532.68,1.0,0,-0.0011838739141671883
2025-09-19 11:00:00,116394.72,1.0,0,-0.0019955372546108796
2025-09-19 12:00:00,116162.45,1.0,0,0.00105188897100561
2025-09-19 13:00:00,116284.64,1.0,0,-0.003307831541637829
2025-09-19 14:00:00,115899.99,1.0,0,-0.00013770492991416194
2025-09-19 15:00:00,115884.03,1.0,0,0.0017659896708803746
2025-09-19 16:00:00,116088.68,1.0,0,-0.004702870254016167
2025-09-19 17:00:00,115542.73,1.0,0,-0.0011704760654347446
2025-09-19 18:00:00,115407.49,1.0,0,-0.002446721612262892
2025-09-19 19:00:00,115125.12,1.0,0,0.0018888145350033358
2025-09-19 20:00:00,115342.57,1.0,0,0.0010648280162302015
2025-09-19 21:00:00,115465.39,1.0,0,0.001280210459601916
2025-09-19 22:00:00,115613.21,1.0,0,0.00016581150199002082
2025-09-19 23:00:00,115632.38,1.0,0,0.0007900036304708813
2025-09-20 00:00:00,115723.73,1.0,0,-0.00086602808257219
2025-09-20 01:00:00,115623.51,1.0,0,-0.0001480667729253371
2025-09-20 02:00:00,115606.39,1.0,0,-0.0013960300983362206
2025-09-20 03:00:00,115445.0,1.0,0,0.0010689938931960352
2025-09-20 04:00:00,115568.41,1.0,0,0.0012899718876464572
2025-09-20 05:00:00,115717.49,1.0,0,-0.00014716876420317604
2025-09-20 06:00:00,115700.46,1.0,0,0.0023171904415937306
2025-09-20 07:00:00,115968.56,1.0,0,-0.0023034691471550683
2025-09-20 08:00:00,115701.43,1.0,0,-0.0002474472441696962
2025-09-20 09:00:00,115672.8,1.0,0,0.0006461328851725678
2025-09-20 10:00:00,115747.54,1.0,0,0.0012658584363867131
2025-09-20 11:00:00,115894.06,1.0,0,-0.00016886111333047626
2025-09-20 12:00:00,115874.49,1.0,0,0.0003565064234587467
2025-09-20 13:00:00,115915.8,1.0,0,0.0004706864810490874
2025-09-20 14:00:00,115970.36,1.0,0,0.0001408118419223836
2025-09-20 15:00:00,115986.69,1.0,0,0.0003556442553882544
2025-09-20 16:00:00,116027.94,1.0,0,-0.0017773305291811647
2025-09-20 17:00:00,115821.72,1.0,0,-0.0009515486387182692
2025-09-20 18:00:00,115711.51,1.0,0,-8.218715666219456e-05
2025-09-20 19:00:00,115702.0,1.0,0,0.000165079255328493
2025-09-20 20:00:00,115721.1,1.0,0,0.0005635100253971181
2025-09-20 21:00:00,115786.31,1.0,0,-8.85251460212011e-05
2025-09-20 22:00:00,115776.06,1.0,0,-0.0007810768478387908
2025-09-20 23:00:00,115685.63,1.0,0,-0.00022146225075669879
2025-09-21 00:00:00,115660.01,1.0,0,-0.0013834513761497025
2025-09-21 01:00:00,115500.0,1.0,0,0.0016516017316017262
2025-09-21 02:00:00,115690.76,1.0,0,-0.00018454369216691635
2025-09-21 03:00:00,115669.41,1.0,0,-0.0015144885756744886
2025-09-21 04:00:00,115494.23,1.0,0,0.0014654411739876139
2025-09-21 05:00:00,115663.48,1.0,0,0.00020507769608868465
2025-09-21 06:00:00,115687.2,1.0,0,0.001113087705467919
2025-09-21 07:00:00,115815.97,1.0,0,-0.0016091908568395263
2025-09-21 08:00:00,115629.6,1.0,0,0.00046648954938866005
2025-09-21 09:00:00,115683.54,1.0,0,-0.0013937159945139888
2025-09-21 10:00:00,115522.31,1.0,0,0.0007023751516048726
2025-09-21 11:00:00,115603.45,1.0,0,0.000693231906141234
2025-09-21 12:00:00,115683.59,1.0,0,-0.00018965524842373682
2025-09-21 13:00:00,115661.65,1.0,0,-0.0013975245900434974
2025-09-21 14:00:00,115500.01,1.0,0,0.00027359304990537403
2025-09-21 15:00:00,115531.61,1.0,0,-0.0018662424941537914
2025-09-21 16:00:00,115316.0,1.0,0,0.0027071698636789154
2025-09-21 17:00:00,115628.18,1.0,0,-0.0008413174020381886
2025-09-21 18:00:00,115530.9,1.0,0,-0.00044014198798758564
2025-09-21 19:00:00,115480.05,1.0,0,-0.0014941108875516917
2025-09-21 20:00:00,115307.51,1.0,0,0.0008496411031684303
2025-09-21 21:00:00,115405.48,1.0,0,0.0011560976133888623
2025-09-21 22:00:00,115538.9,1.0,0,-0.0026537382647748853
2025-09-21 23:00:00,115232.29,1.0,0,-0.0071595383550911995
2025-09-22 00:00:00,114407.28,1.0,0,-0.001169768217546996
2025-09-22 01:00:00,114273.45,1.0,0,-0.0007494304232522619
2025-09-22 02:00:00,114187.81,1.0,0,0.004046666627549822
2025-09-22 03:00:00,114649.89,1.0,0,-0.0018871365685566577
2025-09-22 04:00:00,114433.53,1.0,0,-0.006487084685755984
2025-09-22 05:00:00,113691.19,1.0,0,-0.007831917319187198
2025-09-22 06:00:00,112800.77,1.0,0,-0.0024891674055061985
2025-09-22 07:00:00,112519.99,1.0,0,0.0009694277434613152
2025-09-22 08:00:00,112629.07,1.0,0,-0.0025965765321511736
2025-09-22 09:00:00,112336.62,1.0,0,0.004055133579771386
2025-09-22 10:00:00,112792.16,1.0,0,0.0007519139628144877
2025-09-22 11:00:00,112876.97,1.0,0,-0.0012254049696763802
2025-09-22 12:00:00,112738.65,1.0,0,0.003476891021845674
2025-09-22 13:00:00,113130.63,1.0,0,-0.0017455042900406115
2025-09-22 14:00:00,112933.16,1.0,0,-0.0010418552000138748
2025-09-22 15:00:00,112815.5,1.0,0,-0.0019041709694147535
2025-09-22 16:00:00,112600.68,1.0,0,-0.0017941277086425123
2025-09-22 17:00:00,112398.66,1.0,0,0.0002710886410923763
2025-09-22 18:00:00,112429.13,1.0,0,-0.0027237602923727566
2025-09-22 19:00:00,112122.9,1.0,0,0.005877300711986777
2025-09-22 20:00:00,112781.88,1.0,0,0.00166790977415876
2025-09-22 21:00:00,112969.99,1.0,0,-0.0028922725406986816
2025-09-22 22:00:00,112643.25,1.0,0,6.871250607565216e-05
2025-09-22 23:00:00,112650.99,1.0,0,-0.0022695761484208266
2025-09-23 00:00:00,112395.32,1.0,0,-0.0021233980204869995
2025-09-23 01:00:00,112156.66,1.0,0,-0.003074092969601594
2025-09-23 02:00:00,111811.88,1.0,0,0.00472320114821434
2025-09-23 03:00:00,112339.99,1.0,0,0.0009107175459068806
2025-09-23 04:00:00,112442.3,1.0,0,0.0019844844867100697
2025-09-23 05:00:00,112665.44,1.0,0,0.0027472488457862543
2025-09-23 06:00:00,112974.96,1.0,0,0.0010194294381693503
2025-09-23 07:00:00,113090.13,1.0,0,0.0003865058780991859
2025-09-23 08:00:00,113133.84,1.0,0,-0.0017622490317662498
2025-09-23 09:00:00,112934.47,1.0,0,0.0003085860322362688
2025-09-23 10:00:00,112969.32,1.0,0,5.9042578993917516e-05
2025-09-23 11:00:00,112975.99,1.0,0,-0.00030953479584472365
2025-09-23 12:00:00,112941.02,1.0,0,9.99636801579662e-05
2025-09-23 13:00:00,112952.31,1.0,0,-0.002650676201309987
2025-09-23 14:00:00,112652.91,1.0,0,0.0020352780944583593
2025-09-23 15:00:00,112882.19,1.0,0,-0.0005187709416338837
2025-09-23 16:00:00,112823.63,1.0,0,-0.007674544773998204
2025-09-23 17:00:00,111957.76,1.0,0,-0.0015868484685651607
2025-09-23 18:00:00,111780.1,1.0,0,-0.0011165672601832766
2025-09-23 19:00:00,111655.29,1.0,0,0.0029598239366894763
2025-09-23 20:00:00,111985.77,1.0,0,0.001569574420035691
2025-09-23 21:00:00,112161.54,1.0,0,-2.0595294964675936e-05
2025-09-23 22:00:00,112159.23,1.0,0,-0.001430377152196849
2025-09-23 23:00:00,111998.8,1.0,0,0.002070736472176371
2025-09-24 00:00:00,112230.72,1.0,0,0.0019650591210675916
2025-09-24 01:00:00,112451.26,1.0,0,-0.003020330763745971
2025-09-24 02:00:00,112111.62,1.0,0,-0.003822351331646101
2025-09-24 03:00:00,111683.09,1.0,0,0.00428748882216623
2025-09-24 04:00:00,112161.93,1.0,0,0.004234146113569981
2025-09-24 05:00:00,112636.84,1.0,0,-0.00035645531248917894
2025-09-24 06:00:00,112596.69,1.0,0,-0.00011678851305496618
2025-09-24 07:00:00,112583.54,1.0,0,0.0003487188269262198
2025-09-24 08:00:00,112622.8,1.0,0,0.0009967786274180934
2025-09-24 09:00:00,112735.06,1.0,0,0.001835453850825175
2025-09-24 10:00:00,112941.98,1.0,0,0.0007745569893498061
2025-09-24 11:00:00,113029.46,1.0,0,0.0003647721576303109
2025-09-24 12:00:00,113070.69,1.0,0,-0.002185093236806157
2025-09-24 13:00:00,112823.62,1.0,0,0.007950640123052244
2025-09-24 14:00:00,113720.64,1.0,0,-0.0032907834496885835
2025-09-24 15:00:00,113346.41,1.0,0,0.0034019604149790883
2025-09-24 16:00:00,113732.01,1.0,0,0.0002575352356826155
2025-09-24 17:00:00,113761.3,1.0,0,-0.001068025769747738
2025-09-24 18:00:00,113639.8,1.0,0,-0.0019340935130122139
2025-09-24 19:00:00,113420.01,1.0,0,0.000718656258274164
2025-09-24 20:00:00,113501.52,1.0,0,-0.001426324510896415
2025-09-24 21:00:00,113339.63,1.0,0,-2.9116029406472954e-05
2025-09-24 22:00:00,113336.33,1.0,0,-0.00025878727500705523
2025-09-24 23:00:00,113307.0,1.0,0,-0.0021591781619846317
2025-09-25 00:00:00,113062.35,1.0,0,-0.0035476885099239297
2025-09-25 01:00:00,112661.24,1.0,0,0.0021847797876182184
2025-09-25 02:00:00,112907.38,1.0,0,-0.003198816587542841
2025-09-25 03:00:00,112546.21,1.0,0,-0.007201930655861277
2025-09-25 04:00:00,111735.66,1.0,0,0.00012753314385038905
2025-09-25 05:00:00,111749.91,1.0,0,-0.001938704022222515
2025-09-25 06:00:00,111533.26,1.0,0,0.0020931872698781717
2025-09-25 07:00:00,111766.72,1.0,0,-0.00035350415579871175
2025-09-25 08:00:00,111727.21,1.0,0,-0.001392946266178141
2025-09-25 09:00:00,111571.58,1.0,0,0.0006866443945672263
2025-09-25 10:00:00,111648.19,1.0,0,-0.0026887135384818794
2025-09-25 11:00:00,111348.0,1.0,0,-0.0021284621187628305
2025-09-25 12:00:00,111111.0,1.0,0,-0.0009990009990009652
2025-09-25 13:00:00,111000.0,1.0,0,0.004864864864864815
2025-09-25 14:00:00,111540.0,1.0,0,0.000365519096288347
2025-09-25 15:00:00,111580.77,1.0,0,-0.005587701178258686
2025-09-25 16:00:00,110957.29,1.0,0,-0.019139436444419178
2025-09-25 17:00:00,108833.63,1.0,0,0.008513636823470838
2025-09-25 18:00:00,109760.2,1.0,0,-0.003646130382415458
2025-09-25 19:00:00,109360.0,1.0,0,-0.0017973664959766156
2025-09-25 20:00:00,109163.44,1.0,0,0.0023502374054902297
2025-09-25 21:00:00,109420.0,1.0,0,-2.741729117072822e-07
2025-09-25 22:00:00,109419.97,1.0,0,-0.0038885040820244576
2025-09-25 23:00:00,108994.49,1.0,0,0.004382239872859683
2025-09-26 00:00:00,109472.13,1.0,0,0.0019024933560713997
2025-09-26 01:00:00,109680.4,1.0,0,-0.0005351913377412698
2025-09-26 02:00:00,109621.7,1.0,0,-0.0003803079134879761
2025-09-26 03:00:00,109580.01,1.0,0,-0.0022084319941201302
2025-09-26 04:00:00,109338.01,1.0,0,-0.0007794178803876006
2025-09-26 05:00:00,109252.79,1.0,0,0.000981302170864451
2025-09-26 06:00:00,109360.0,1.0,0,-0.00036558156547183973
2025-09-26 07:00:00,109320.02,1.0,0,0.0022610680093178015
2025-09-26 08:00:00,109567.2,1.0,0,1.3872764841993401e-05
2025-09-26 09:00:00,109568.72,1.0,0,-0.006148835178507173
2025-09-26 10:00:00,108895.0,1.0,0,0.0021901832040038816
2025-09-26 11:00:00,109133.5,1.0,0,0.0021916276853577443
2025-09-26 12:00:00,109372.68,1.0,0,0.0027159433233234775
2025-09-26 13:00:00,109669.73,1.0,0,-0.0076021888628703405
2025-09-26 14:00:00,108836.0,1.0,0,0.00176210077547867
2025-09-26 15:00:00,109027.78,1.0,0,0.003964402466967609
2025-09-26 16:00:00,109460.01,1.0,0,0.004019550153521845
2025-09-26 17:00:00,109899.99,1.0,0,-0.0015650592870845026
2025-09-26 18:00:00,109727.99,1.0,0,-0.005065161587303413
2025-09-26 19:00:00,109172.2,1.0,0,0.0010647399246328515
2025-09-26 20:00:00,109288.44,1.0,0,0.0016527823070766612
2025-09-26 21:00:00,109469.07,1.0,0,0.0008146593371076705
2025-09-26 22:00:00,109558.25,1.0,0,0.0007777597761922106
2025-09-26 23:00:00,109643.46,1.0,0,5.317234607504773e-05
2025-09-27 00:00:00,109649.29,1.0,0,-0.0019824113772191065
2025-09-27 01:00:00,109431.92,1.0,0,-0.00021693853128046392
2025-09-27 02:00:00,109408.18,1.0,0,0.0013307048887936102
2025-09-27 03:00:00,109553.77,1.0,0,0.0009239298656724682
2025-09-27 04:00:00,109654.99,1.0,0,-0.0001757329967382315
2025-09-27 05:00:00,109635.72,1.0,0,-0.0008606684025972422
2025-09-27 06:00:00,109541.36,1.0,0,-0.0011882269856792194
2025-09-27 07:00:00,109411.2,1.0,0,-0.0014549698751133988
2025-09-27 08:00:00,109252.01,1.0,0,0.0003727162548314844
2025-09-27 09:00:00,109292.73,1.0,0,0.0012715392871969211
2025-09-27 10:00:00,109431.7,1.0,0,-0.0011101901916902301
2025-09-27 11:00:00,109310.21,1.0,0,0.0008218811399227643
2025-09-27 12:00:00,109400.05,1.0,0,-0.0008541129551585813
2025-09-27 13:00:00,109306.61,1.0,0,-0.00017126137202494451
2025-09-27 14:00:00,109287.89,1.0,0,0.0010463190386418297
2025-09-27 15:00:00,109402.24,1.0,0,-0.00012065566482011292
2025-09-27 16:00:00,109389.04,1.0,0,-6.0060861673094657e-05
2025-09-27 17:00:00,109382.47,1.0,0,0.0004798757972828138
2025-09-27 18:00:00,109434.96,1.0,0,-9.832324149439131e-05
2025-09-27 19:00:00,109424.2,1.0,0,-0.00031254512255973754
2025-09-27 20:00:00,109390.0,1.0,0,0.0007769448761312248
2025-09-27 21:00:00,109474.99,1.0,0,0.001193240574856258
2025-09-27 22:00:00,109605.62,1.0,0,0.0002758070252237843
2025-09-27 23:00:00,109635.85,1.0,0,-0.00025575575872316403
2025-09-28 00:00:00,109607.81,1.0,0,-0.00231863039686675
2025-09-28 01:00:00,109353.67,1.0,0,0.0008584988505644375
2025-09-28 02:00:00,109447.55,1.0,0,-0.00010553000044311034
2025-09-28 03:00:00,109436.0,1.0,0,-0.0006405570379034442
2025-09-28 04:00:00,109365.9,1.0,0,-8.659006143596493e-05
2025-09-28 05:00:00,109356.43,1.0,0,0.0004898660279968325
2025-09-28 06:00:00,109410.0,1.0,0,0.0009419614294854384
2025-09-28 07:00:00,109513.06,1.0,0,-2.876369265902845e-05
2025-09-28 08:00:00,109509.91,1.0,0,8.684145571846713e-05
2025-09-28 09:00:00,109519.42,1.0,0,-0.0013785682940979926
2025-09-28 10:00:00,109368.44,1.0,0,5.303175212079125e-06
2025-09-28 11:00:00,109369.02,1.0,0,-0.000494015581377627
2025-09-28 12:00:00,109314.99,1.0,0,0.0029640033814208877
2025-09-28 13:00:00,109639.0,1.0,0,0.0019245888780452525
2025-09-28 14:00:00,109850.01,1.0,0,0.0017106962484572108
2025-09-28 15:00:00,110037.93,1.0,0,0.0016729685845600084
2025-09-28 16:00:00,110222.02,1.0,0,-0.00016784304987338405
2025-09-28 17:00:00,110203.52,1.0,0,0.0008170337934758631
2025-09-28 18:00:00,110293.56,1.0,0,0.00039929801885074667
2025-09-28 19:00:00,110337.6,1.0,0,0.004225214251533549
2025-09-28 20:00:00,110803.8,1.0,0,0.0002724635797688446
2025-09-28 21:00:00,110833.99,1.0,0,0.009965534941041021
2025-09-28 22:00:00,111938.51,1.0,0,0.0020139628444224567
2025-09-28 23:00:00,112163.95,1.0,0,0.0008614175945123037
2025-09-29 00:00:00,112260.57,-1.0,-1,-0.0036100832197806243
2025-09-29 01:00:00,111855.3,-1.0,0,-0.0009412160174797624
2025-09-29 02:00:00,111750.02,-1.0,0,0.0009618790224823481
2025-09-29 03:00:00,111857.51,-1.0,0,-0.00040685690214270487
2025-09-29 04:00:00,111812.0,-1.0,0,-0.0005246306299860892
2025-09-29 05:00:00,111753.34,1.0,1,-0.0010783570316555968
2025-09-29 06:00:00,111632.83,1.0,0,0.002088274569407522
2025-09-29 07:00:00,111865.95,1.0,0,0.0020900014705100833
2025-09-29 08:00:00,112099.75,1.0,0,9.946498542579008e-05
2025-09-29 09:00:00,112110.9,1.0,0,-0.00018481699816874642
2025-09-29 10:00:00,112090.18,1.0,0,8.760803131901973e-05
2025-09-29 11:00:00,112100.0,1.0,0,-0.0006943800178411674
2025-09-29 12:00:00,112022.16,1.0,0,0.010757960746337947
2025-09-29 13:00:00,113227.29,1.0,0,0.0071205448792424075
2025-09-29 14:00:00,114033.53,1.0,0,-0.0019113676477435781
2025-09-29 15:00:00,113815.57,1.0,0,-0.0016642714173465967
2025-09-29 16:00:00,113626.15,-1.0,-1,0.0036766184544667624
2025-09-29 17:00:00,114043.91,-1.0,0,-0.0003079515600614702
2025-09-29 18:00:00,114008.79,-1.0,0,0.002252107052447494
2025-09-29 19:00:00,114265.55,-1.0,0,-6.353621017018973e-05
2025-09-29 20:00:00,114258.29,-1.0,0,-0.0007138212903413654
2025-09-29 21:00:00,114176.73,-1.0,0,0.00011455924512815407
2025-09-29 22:00:00,114189.81,-1.0,0,0.0010697101606527148
2025-09-29 23:00:00,114311.96,-1.0,0,0.0018721575590165962
2025-09-30 00:00:00,114525.97,-1.0,0,-0.0002240539853101131
2025-09-30 01:00:00,114500.31,-1.0,0,-0.00038733519586098275
2025-09-30 02:00:00,114455.96,1.0,1,-0.0006952018925009407
2025-09-30 03:00:00,114376.39,1.0,0,-0.0024896746610030274
2025-09-30 04:00:00,114091.63,1.0,0,-0.0016445553455587403
2025-09-30 05:00:00,113904.0,1.0,0,-0.00010851243152132373
2025-09-30 06:00:00,113891.64,1.0,0,-0.001689412848914995
2025-09-30 07:00:00,113699.23,1.0,0,-0.0021753885228598113
2025-09-30 08:00:00,113451.89,1.0,0,-0.005904881796151673
2025-09-30 09:00:00,112781.97,1.0,0,0.001254810498522163
2025-09-30 10:00:00,112923.49,1.0,0,0.0011646823880486767
2025-09-30 11:00:00,113055.01,1.0,0,-0.00046835606843076416
2025-09-30 12:00:00,113002.06,1.0,0,0.0035616164873455425
2025-09-30 13:00:00,113404.53,1.0,0,0.0016800034354889082
2025-09-30 14:00:00,113595.05,1.0,0,-0.004303796688324035
2025-09-30 15:00:00,113106.16,1.0,0,-0.0023422243315482927
2025-09-30 16:00:00,112841.24,1.0,0,0.0035879612808225048
2025-09-30 17:00:00,113246.11,1.0,0,0.004136565927076896
2025-09-30 18:00:00,113714.56,1.0,0,0.005675878269238321
2025-09-30 19:00:00,114359.99,1.0,0,0.0023292237083964995
2025-09-30 20:00:00,114626.36,1.0,0,-0.004059799159634836
2025-09-30 21:00:00,114161.0,1.0,0,-0.0019324462820052846
2025-09-30 22:00:00,113940.39,1.0,0,0.0009526033744486906
2025-09-30 23:00:00,114048.93,1.0,0,0.0016712125225550878
2025-10-01 00:00:00,114239.53,1.0,0,0.0027176232255157196
2025-10-01 01:00:00,114549.99,1.0,0,-0.0024254912636832993
2025-10-01 02:00:00,114272.15,1.0,0,-0.0008333614095822339
2025-10-01 03:00:00,114176.92,1.0,0,0.0009817220503056667
2025-10-01 04:00:00,114289.01,1.0,0,0.0024571916407361005
2025-10-01 05:00:00,114569.84,1.0,0,-0.0027322199280368498
2025-10-01 06:00:00,114256.81,1.0,0,0.0024699621843109476
2025-10-01 07:00:00,114539.02,1.0,0,0.013726850465457074
2025-10-01 08:00:00,116111.28,1.0,0,0.0025907904899507006
2025-10-01 09:00:00,116412.1,1.0,0,-0.0011206738818387851
2025-10-01 10:00:00,116281.64,1.0,0,0.004368187445584759
2025-10-01 11:00:00,116789.58,-1.0,-1,-0.003313052414436357
2025-10-01 12:00:00,116402.65,-1.0,0,0.003473374532281026
2025-10-01 13:00:00,116806.96,-1.0,0,0.004158827521921538
2025-10-01 14:00:00,117292.74,-1.0,0,0.001116778412713293
2025-10-01 15:00:00,117423.73,-1.0,0,0.0009543215838909713
2025-10-01 16:00:00,117535.79,-1.0,0,-0.006531797676265105
2025-10-01 17:00:00,116768.07,-1.0,0,0.003990303171063747
2025-10-01 18:00:00,117234.01,-1.0,0,0.0017530748969518672
2025-10-01 19:00:00,117439.53,-1.0,0,0.0008224658256039685
2025-10-01 20:00:00,117536.12,-1.0,0,0.0001602911513500782
2025-10-01 21:00:00,117554.96,-1.0,0,0.0016199231406313075
2025-10-01 22:00:00,117745.39,-1.0,0,0.00721556911909671
2025-10-01 23:00:00,118594.99,-1.0,0,-0.001404190851569731
2025-10-02 00:00:00,118428.46,-1.0,0,0.0015951402222065258
2025-10-02 01:00:00,118617.37,-1.0,0,0.0011495786831221544
2025-10-02 02:00:00,118753.73,-1.0,0,-0.00016622635768992478
2025-10-02 03:00:00,118733.99,-1.0,0,-0.0006059764352230879
2025-10-02 04:00:00,118662.04,-1.0,0,-0.002399250847195944
2025-10-02 05:00:00,118377.34,-1.0,0,0.0022953717324616374
2025-10-02 06:00:00,118649.06,1.0,1,-0.0013426149351710714
2025-10-02 07:00:00,118489.76,1.0,0,0.0015117762074967622
2025-10-02 08:00:00,118668.89,1.0,0,0.001526095002658323
2025-10-02 09:00:00,118849.99,1.0,0,-0.0019388306216938656
2025-10-02 10:00:00,118619.56,1.0,0,0.0012322588281392655
2025-10-02 11:00:00,118765.73,1.0,0,0.005360889879597375
2025-10-02 12:00:00,119402.42,1.0,0,0.0018322911713180012
2025-10-02 13:00:00,119621.2,1.0,0,-0.006747215376538662
2025-10-02 14:00:00,118814.09,1.0,0,0.009230302567650117
2025-10-02 15:00:00,119910.78,1.0,0,-0.001495945568863788
2025-10-02 16:00:00,119731.4,1.0,0,0.001554479443153678
2025-10-02 17:00:00,119917.52,1.0,0,0.004912459830723526
2025-10-02 18:00:00,120506.61,1.0,0,0.0027374431991740167
2025-10-02 19:00:00,120836.49,-1.0,-1,-0.0015266911509926873
2025-10-02 20:00:00,120652.01,-1.0,0,-0.004159980426351684
2025-10-02 21:00:00,120150.1,-1.0,0,0.0008937986734924852
2025-10-02 22:00:00,120257.49,-1.0,0,0.0022606492119534582
2025-10-02 23:00:00,120529.35,1.0,1,-0.003290070011992996
2025-10-03 00:00:00,120132.8,1.0,0,-0.00213996510528347
2025-10-03 01:00:00,119875.72,1.0,0,0.0023532705371864804
2025-10-03 02:00:00,120157.82,1.0,0,0.0005665049515710674
2025-10-03 03:00:00,120225.89,1.0,0,-0.0015463391454203501
2025-10-03 04:00:00,120039.98,1.0,0,-0.0009961681099913688
2025-10-03 05:00:00,119920.4,1.0,0,-2.8935860787671075e-05
2025-10-03 06:00:00,119916.93,1.0,0,-0.0023075974343238492
2025-10-03 07:00:00,119640.21,1.0,0,0.003329900540963715
2025-10-03 08:00:00,120038.6,1.0,0,0.0021776328614295792
2025-10-03 09:00:00,120300.0,1.0,0,0.001046965918537035
2025-10-03 10:00:00,120425.95,1.0,0,-0.0007593878229733564
2025-10-03 11:00:00,120334.5,1.0,0,0.00019587067715409745
2025-10-03 12:00:00,120358.07,1.0,0,0.0001384202986969285
2025-10-03 13:00:00,120374.73,1.0,0,0.004511910431699517
2025-10-03 14:00:00,120917.85,1.0,0,0.011083557969315594
2025-10-03 15:00:00,122258.05,1.0,0,0.002414973901514017
2025-10-03 16:00:00,122553.3,1.0,0,-0.003917071184537657
2025-10-03 17:00:00,122073.25,1.0,0,0.0038109086142952275
2025-10-03 18:00:00,122538.46,-1.0,-1,0.0009999309604511453
2025-10-03 19:00:00,122660.99,-1.0,0,-0.0017369010310450683
2025-10-03 20:00:00,122447.94,-1.0,0,-0.0011545314686387531
2025-10-03 21:00:00,122306.57,-1.0,0,0.0013934656167693404
2025-10-03 22:00:00,122477.0,-1.0,0,-0.002000375580721303
2025-10-03 23:00:00,122232.0,-1.0,0,-0.001079913606911398
2025-10-04 00:00:00,122100.0,1.0,1,-0.0019229320229319224
2025-10-04 01:00:00,121865.21,1.0,0,-8.763780901877016e-05
2025-10-04 02:00:00,121854.53,1.0,0,0.00319610604546261
2025-10-04 03:00:00,122243.99,1.0,0,0.002053352479741477
2025-10-04 04:00:00,122495.0,1.0,0,0.00022613167884411034
2025-10-04 05:00:00,122522.7,1.0,0,-0.0007543908190074111
2025-10-04 06:00:00,122430.27,1.0,0,-0.0008673508602080604
2025-10-04 07:00:00,122324.08,1.0,0,-0.0004619695484322506
2025-10-04 08:00:00,122267.57,1.0,0,-0.00048083068960980135
2025-10-04 09:00:00,122208.78,1.0,0,-0.0006484804119638587
2025-10-04 10:00:00,122129.53,1.0,0,-0.0012795431211436448
2025-10-04 11:00:00,121973.26,1.0,0,0.0002653040510682825
2025-10-04 12:00:00,122005.62,1.0,0,0.0031129713532869197
2025-10-04 13:00:00,122385.42,1.0,0,-0.003149149629097958
2025-10-04 14:00:00,122000.01,1.0,0,-0.0017106555974871762
2025-10-04 15:00:00,121791.31,1.0,0,-0.0005855918620137901
2025-10-04 16:00:00,121719.99,1.0,0,0.00022494250944316008
2025-10-04 17:00:00,121747.37,1.0,0,-0.0014185932722816652
2025-10-04 18:00:00,121574.66,1.0,0,0.003163405926860152
2025-10-04 19:00:00,121959.25,1.0,0,-0.000544116169950204
2025-10-04 20:00:00,121892.89,1.0,0,0.002442964474794307
2025-10-04 21:00:00,122190.67,1.0,0,0.0007899130105433194
2025-10-04 22:00:00,122287.19,1.0,0,0.0008489033070431251
2025-10-04 23:00:00,122391.0,1.0,0,-0.0019061859123629121
2025-10-05 00:00:00,122157.7,1.0,0,0.0018011144610614593
2025-10-05 01:00:00,122377.72,1.0,0,0.013513244077435038
2025-10-05 02:00:00,124031.44,1.0,0,-0.002057704078901268
2025-10-05 03:00:00,123776.22,1.0,0,0.011283185089995484
2025-10-05 04:00:00,125172.81,1.0,0,-0.00035806498232315853
2025-10-05 05:00:00,125127.99,-1.0,-1,-0.0010227927420556338
2025-10-05 06:00:00,125000.01,-1.0,0,-0.0022910398167167445
2025-10-05 07:00:00,124713.63,-1.0,0,-0.0009432810190834751
2025-10-05 08:00:00,124595.99,-1.0,0,-0.012644788969532694
2025-10-05 09:00:00,123020.5,-1.0,0,6.104673611306843e-05
2025-10-05 10:00:00,123028.01,1.0,1,0.0035490292007487323
2025-10-05 11:00:00,123464.64,1.0,0,-0.003067760939488351
2025-10-05 12:00:00,123085.88,1.0,0,0.0006134741044219183
2025-10-05 13:00:00,123161.39,1.0,0,-0.0010288938765631306
2025-10-05 14:00:00,123034.67,1.0,0,-0.0018815834593615133
2025-10-05 15:00:00,122803.17,1.0,0,0.0037651308186914534
2025-10-05 16:00:00,123265.54,1.0,0,-0.0016913891749469334
2025-10-05 17:00:00,123057.05,1.0,0,-0.00046815684270018476
2025-10-05 18:00:00,122999.44,1.0,0,-0.0033142427315117073
2025-10-05 19:00:00,122591.79,1.0,0,0.0009260815915976828
2025-10-05 20:00:00,122705.32,1.0,0,0.0002010507775864756
2025-10-05 21:00:00,122729.99,1.0,0,0.00413436031405201
2025-10-05 22:00:00,123237.4,1.0,0,0.0019873025558800883
2025-10-05 23:00:00,123482.31,1.0,0,-0.0010934359747563072
2025-10-06 00:00:00,123347.29,1.0,0,0.005577990404167066
2025-10-06 01:00:00,124035.32,1.0,0,0.000607004520970289
2025-10-06 02:00:00,124110.61,1.0,0,-0.0021877259325371323
2025-10-06 03:00:00,123839.09,1.0,0,-0.002090050887809336
2025-10-06 04:00:00,123580.26,1.0,0,4.644754752902713e-05
2025-10-06 05:00:00,123586.0,1.0,0,0.0029283252148302186
2025-10-06 06:00:00,123947.9,1.0,0,-0.004497292814158116
2025-10-06 07:00:00,123390.47,1.0,0,0.003696233590811282
2025-10-06 08:00:00,123846.55,1.0,0,0.0008781027812241327
2025-10-06 09:00:00,123955.3,1.0,0,0.00018313053173191207
2025-10-06 10:00:00,123978.0,1.0,0,0.0019116294826502234
2025-10-06 11:00:00,124215.0,1.0,0,0.0027503924646781197
2025-10-06 12:00:00,124556.64,1.0,0,0.0038110372919499813
2025-10-06 13:00:00,125031.33,1.0,0,-0.0040096350250773405
2025-10-06 14:00:00,124530.0,1.0,0,0.0037741909580020216
2025-10-06 15:00:00,125000.0,1.0,0,0.003641919999999965
2025-10-06 16:00:00,125455.24,1.0,0,-0.001364948965065227
2025-10-06 17:00:00,125284.0,1.0,0,0.005804252737779736
2025-10-06 18:00:00,126011.18,1.0,0,-0.00476441852222953
2025-10-06 19:00:00,125410.81,1.0,0,-0.0015930843601120737
2025-10-06 20:00:00,125211.02,1.0,0,-0.0009038341832851016
2025-10-06 21:00:00,125097.85,1.0,0,-0.0004693925595044002
2025-10-06 22:00:00,125039.13,1.0,0,-0.0030437671791223586
2025-10-06 23:00:00,124658.54,1.0,0,0.0019444315648169397
2025-10-07 00:00:00,124900.93,1.0,0,-0.0016087950666179296
2025-10-07 01:00:00,124699.99,1.0,0,-0.003529190339149224
2025-10-07 02:00:00,124259.9,1.0,0,0.0005620477724512796
2025-10-07 03:00:00,124329.74,1.0,0,0.0013694229554408466
2025-10-07 04:00:00,124500.0,1.0,0,-0.0006893975903614624
2025-10-07 05:00:00,124414.17,1.0,0,-0.004206353665342166
2025-10-07 06:00:00,123890.84,1.0,0,-0.001798760909200281
2025-10-07 07:00:00,123667.99,1.0,0,0.0015667756870634264
2025-10-07 08:00:00,123861.75,1.0,0,0.0020646406174624765
2025-10-07 09:00:00,124117.48,1.0,0,0.0013270491795354111
2025-10-07 10:00:00,124282.19,1.0,0,0.0013774298634421367
2025-10-07 11:00:00,124453.38,1.0,0,0.0037332051568226277
2025-10-07 12:00:00,124917.99,1.0,0,-0.008215870268165615
2025-10-07 13:00:00,123891.68,1.0,0,-0.009414030062389944
2025-10-07 14:00:00,122725.36,1.0,0,-0.0071651857448208345
2025-10-07 15:00:00,121846.01,1.0,0,-0.0013282338912862235
2025-10-07 16:00:00,121684.17,1.0,0,-0.00455400238173953
2025-10-07 17:00:00,121130.02,1.0,0,-0.0019371746161687131
2025-10-07 18:00:00,120895.37,1.0,0,0.006135884277454151
2025-10-07 19:00:00,121637.17,1.0,0,0.0025192957054163134
2025-10-07 20:00:00,121943.61,1.0,0,0.0005936350416393399
2025-10-07 21:00:00,122016.0,1.0,0,-3.958497246259185e-05
2025-10-07 22:00:00,122011.17,1.0,0,-0.0055586713904964835
2025-10-07 23:00:00,121332.95,1.0,0,0.004789630516689902
2025-10-08 00:00:00,121914.09,1.0,0,0.0002946337047669001
2025-10-08 01:00:00,121950.01,1.0,0,0.0008058219921425192
2025-10-08 02:00:00,122048.28,1.0,0,-0.00551855380510069
2025-10-08 03:00:00,121374.75,1.0,0,0.004327506338839049
2025-10-08 04:00:00,121900.0,1.0,0,-0.004314930270713724
2025-10-08 05:00:00,121374.01,1.0,0,0.003380295336703476
2025-10-08 06:00:00,121784.29,1.0,0,-0.0015373904138209493
2025-10-08 07:00:00,121597.06,1.0,0,0.006454021174525204
2025-10-08 08:00:00,122381.85,1.0,0,0.0011041669986193714
2025-10-08 09:00:00,122516.98,1.0,0,0.0034086703736904145
2025-10-08 10:00:00,122934.6,1.0,0,-0.00041046214816664595
2025-10-08 11:00:00,122884.14,1.0,0,-0.0020557575615535173
2025-10-08 12:00:00,122631.52,1.0,0,-0.0002648584964127787
2025-10-08 13:00:00,122599.04,1.0,0,-0.0022760373980089676
2025-10-08 14:00:00,122320.0,1.0,0,-0.001065075212557165
2025-10-08 15:00:00,122189.72,1.0,0,0.007048956327913691
2025-10-08 16:00:00,123051.03,1.0,0,0.007981729206167687
2025-10-08 17:00:00,124033.19,1.0,0,-0.004619489347972072
2025-10-08 18:00:00,123460.22,1.0,0,-8.277970021441927e-05
2025-10-08 19:00:00,123450.0,1.0,0,-0.004806075334143345
2025-10-08 20:00:00,122856.69,1.0,0,0.0034238265738724127
2025-10-08 21:00:00,123277.33,1.0,0,-0.0006206331691317457
2025-10-08 22:00:00,123200.82,1.0,0,0.0008537280839526762
2025-10-08 23:00:00,123306.0,1.0,0,-0.0037861093539649504
2025-10-09 00:00:00,122839.15,1.0,0,-0.0023683003342175324
2025-10-09 01:00:00,122548.23,1.0,0,-0.007592276118553509
2025-10-09 02:00:00,121617.81,1.0,0,0.0034550860601749722
2025-10-09 03:00:00,122038.01,1.0,0,0.0008742358221016655
2025-10-09 04:00:00,122144.7,1.0,0,-0.0003584273406869176
2025-10-09 05:00:00,122100.92,1.0,0,-0.0011760763145763908
2025-10-09 06:00:00,121957.32,1.0,0,-0.00041998299077083967
2025-10-09 07:00:00,121906.1,1.0,0,-0.005286691970295299
2025-10-09 08:00:00,121261.62,1.0,0,0.0045473580181429885
2025-10-09 09:00:00,121813.04,1.0,0,0.002932608856982988
2025-10-09 10:00:00,122170.27,1.0,0,0.0046435192457214836
2025-10-09 11:00:00,122737.57,1.0,0,0.0067282576964819985
2025-10-09 12:00:00,123563.38,1.0,0,-0.009287865061638811
2025-10-09 13:00:00,122415.74,1.0,0,-0.008991817555487613
2025-10-09 14:00:00,121315.0,1.0,0,-0.0013836706095701201
2025-10-09 15:00:00,121147.14,1.0,0,-0.010956676319391456
2025-10-09 16:00:00,119819.77,1.0,0,0.009633051373742374
2025-10-09 17:00:00,120974.0,1.0,0,-0.0026838824871459055
2025-10-09 18:00:00,120649.32,1.0,0,0.0025064376657903953
2025-10-09 19:00:00,120951.72,1.0,0,0.0013010976611163017
2025-10-09 20:00:00,121109.09,1.0,0,0.0029058925304450423
2025-10-09 21:00:00,121461.02,1.0,0,0.0018538457852568246
2025-10-09 22:00:00,121686.19,1.0,0,-0.00019550287505931685
2025-10-09 23:00:00,121662.4,1.0,0,0.0006811471744763153
2025-10-10 00:00:00,121745.27,1.0,0,-0.0009963426094500294
2025-10-10 01:00:00,121623.97,1.0,0,-0.004639217088539427
2025-10-10 02:00:00,121059.73,1.0,0,-0.0002785401883846905
2025-10-10 03:00:00,121026.01,1.0,0,0.001722770171469712
2025-10-10 04:00:00,121234.51,1.0,0,0.0028818527001923666
2025-10-10 05:00:00,121583.89,1.0,0,-0.0016919182302853608
2025-10-10 06:00:00,121378.18,1.0,0,-0.0036755370693479783
2025-10-10 07:00:00,120932.05,1.0,0,0.005784157301558901
2025-10-10 08:00:00,121631.54,1.0,0,-0.0026046698085052666
2025-10-10 09:00:00,121314.73,1.0,0,0.0014969328126930304
2025-10-10 10:00:00,121496.33,1.0,0,0.0004791914290744881
2025-10-10 11:00:00,121554.55,1.0,0,0.0003509535430801236
2025-10-10 12:00:00,121597.21,1.0,0,0.0007153947035460906
2025-10-10 13:00:00,121684.2,1.0,0,-0.009787877144279977
2025-10-10 14:00:00,120493.17,1.0,0,-0.012234635373938652
2025-10-10 15:00:00,119018.98,1.0,0,-0.006833952030172008
2025-10-10 16:00:00,118205.61,1.0,0,-0.0049220168145995835
2025-10-10 17:00:00,117623.8,1.0,0,-0.0032824989500425117
2025-10-10 18:00:00,117237.7,1.0,0,-0.0049148012968524
2025-10-10 19:00:00,116661.5,1.0,0,-0.020526737612665658
2025-10-10 20:00:00,114266.82,1.0,0,-0.007132079110979128
2025-10-10 21:00:00,113451.86,1.0,0,0.0021871831806019593
2025-10-10 22:00:00,113700.0,1.0,0,-0.008139841688654337
2025-10-10 23:00:00,112774.5,1.0,0,-0.002304776345716464
2025-10-11 00:00:00,112514.58,1.0,0,-0.012613565281939465
2025-10-11 01:00:00,111095.37,1.0,0,0.01891266935786784
2025-10-11 02:00:00,113196.48,1.0,0,-0.007919592552701249
2025-10-11 03:00:00,112300.01,1.0,0,0.00575048924750754
2025-10-11 04:00:00,112945.79,1.0,0,-0.004925460258412451
2025-10-11 05:00:00,112389.48,1.0,0,-0.0030562469014002724
2025-10-11 06:00:00,112045.99,1.0,0,-0.014827661391541125
2025-10-11 07:00:00,110384.61,1.0,0,0.008549833169678278
2025-10-11 08:00:00,111328.38,1.0,0,0.0028240777419019647
2025-10-11 09:00:00,111642.78,1.0,0,0.00422651603623625
2025-10-11 10:00:00,112114.64,1.0,0,0.0014749188865967877
2025-10-11 11:00:00,112280.0,1.0,0,0.0008918774492341353
2025-10-11 12:00:00,112380.14,1.0,0,-0.0009991089172873835
2025-10-11 13:00:00,112267.86,1.0,0,-0.0024574263729619794
2025-10-11 14:00:00,111991.97,1.0,0,-0.0017748593939369561
2025-10-11 15:00:00,111793.2,1.0,0,0.00047391075664715565
2025-10-11 16:00:00,111846.18,1.0,0,0.0014250821977113137
2025-10-11 17:00:00,112005.57,1.0,0,-0.000449084808907263
2025-10-11 18:00:00,111955.27,1.0,0,-0.006939914485490584
2025-10-11 19:00:00,111178.31,1.0,0,-0.008394892852751634
2025-10-11 20:00:00,110244.98,1.0,0,0.0058828982507865835
2025-10-11 21:00:00,110893.54,1.0,0,0.0013502139078616082
2025-10-11 22:00:00,111043.27,1.0,0,-0.0035920231815941284
2025-10-11 23:00:00,110644.4,1.0,0,-0.009063811634389074
2025-10-12 00:00:00,109641.54,1.0,0,0.003073834971672351
2025-10-12 01:00:00,109978.56,1.0,0,0.0012771580206178967
2025-10-12 02:00:00,110119.02,1.0,0,0.005057981809136969
2025-10-12 03:00:00,110676.0,1.0,0,0.007669865192092118
2025-10-12 04:00:00,111524.87,1.0,0,0.001573729698138182
2025-10-12 05:00:00,111700.38,1.0,0,-0.00012864772707132932
2025-10-12 06:00:00,111686.01,1.0,0,-0.001439840137542725
2025-10-12 07:00:00,111525.2,1.0,0,-0.0019215388091660124
2025-10-12 08:00:00,111310.9,1.0,0,0.004726760811385011
2025-10-12 09:00:00,111837.04,1.0,0,-0.0016577691970387498
2025-10-12 10:00:00,111651.64,1.0,0,0.0017619087368532238
2025-10-12 11:00:00,111848.36,1.0,0,-0.0005253541491354596
2025-10-12 12:00:00,111789.6,1.0,0,-0.004401840600556817
2025-10-12 13:00:00,111297.52,1.0,0,0.009349534473005239
2025-10-12 14:00:00,112338.1,1.0,0,0.00765635167409795
2025-10-12 15:00:00,113198.2,1.0,0,0.007695793749370683
2025-10-12 16:00:00,114069.35,1.0,0,-0.002361370517145911
2025-10-12 17:00:00,113799.99,1.0,0,0.0006936731716760125
2025-10-12 18:00:00,113878.93,-1.0,-1,0.004068794815687227
2025-10-12 19:00:00,114342.28,-1.0,0,0.005122252241253289
2025-10-12 20:00:00,114927.97,-1.0,0,-0.0003994675969652972
2025-10-12 21:00:00,114882.06,-1.0,0,0.002953811935475281
2025-10-12 22:00:00,115221.4,-1.0,0,-0.002279090516171367
2025-10-12 23:00:00,114958.8,-1.0,0,0.0028013514406899365
2025-10-13 00:00:00,115280.84,-1.0,0,0.003751534079730945
2025-10-13 01:00:00,115713.32,-1.0,0,-0.0033993493575329436
2025-10-13 02:00:00,115319.97,-1.0,0,-0.004325790233903115
2025-10-13 03:00:00,114821.12,-1.0,0,-0.0009838782272808544
2025-10-13 04:00:00,114708.15,-1.0,0,-0.0008397833981280689
2025-10-13 05:00:00,114611.82,-1.0,0,0.0053170781163758285
2025-10-13 06:00:00,115221.22,1.0,1,0.0015487598551724435
2025-10-13 07:00:00,115399.67,1.0,0,-0.0012603155624275608
2025-10-13 08:00:00,115254.23,1.0,0,-0.001103560363901579
2025-10-13 09:00:00,115127.04,1.0,0,-0.0027484420688658195
2025-10-13 10:00:00,114810.62,1.0,0,-0.005492697452552653
2025-10-13 11:00:00,114180.0,1.0,0,0.0020341565948502893
2025-10-13 12:00:00,114412.26,1.0,0,0.008159352852570079
2025-10-13 13:00:00,115345.79,1.0,0,-0.011349872414068929
2025-10-13 14:00:00,114036.63,1.0,0,0.0024156273295694586
2025-10-13 15:00:00,114312.1,1.0,0,0.003124253687929901
2025-10-13 16:00:00,114669.24,1.0,0,0.0032380959357540817
2025-10-13 17:00:00,115040.55,1.0,0,0.0010438058580213294
2025-10-13 18:00:00,115160.63,1.0,0,0.005489810189471811
2025-10-13 19:00:00,115792.84,1.0,0,-0.0006863118652241651
2025-10-13 20:00:00,115713.37,1.0,0,-0.00011554412424419347
2025-10-13 21:00:00,115700.0,1.0,0,-0.0016664649956784627
2025-10-13 22:00:00,115507.19,1.0,0,-0.0029538420941588317
2025-10-13 23:00:00,115166.0,1.0,0,-0.001797144990709043
2025-10-14 00:00:00,114959.03,1.0,0,-0.005953947245379454
2025-10-14 01:00:00,114274.57,1.0,0,-0.0054913354738503894
2025-10-14 02:00:00,113647.05,1.0,0,-0.0012939183199212057
2025-10-14 03:00:00,113500.0,1.0,0,-0.0038582378854625787
2025-10-14 04:00:00,113062.09,1.0,0,-0.005032456060205415
2025-10-14 05:00:00,112493.11,1.0,0,-0.004495653111554976
2025-10-14 06:00:00,111987.38,1.0,0,-0.0023482110216347385
2025-10-14 07:00:00,111724.41,1.0,0,0.0007063809958809397
2025-10-14 08:00:00,111803.33,1.0,0,-0.004610238353365714
2025-10-14 09:00:00,111287.89,1.0,0,-0.0059692927954694275
2025-10-14 10:00:00,110623.58,1.0,0,0.006240984065061017
2025-10-14 11:00:00,111313.98,1.0,0,-0.00458792327792068
2025-10-14 12:00:00,110803.28,1.0,0,0.0019051782582610866
2025-10-14 13:00:00,111014.38,1.0,0,0.003790770168693447
2025-10-14 14:00:00,111435.21,1.0,0,0.01314862690167673
2025-10-14 15:00:00,112900.43,1.0,0,-0.005062868228225437
2025-10-14 16:00:00,112328.83,1.0,0,0.003971731923140265
2025-10-14 17:00:00,112774.97,1.0,0,0.0007660387761574405
2025-10-14 18:00:00,112861.36,1.0,0,-0.0021943736988461193
2025-10-14 19:00:00,112613.7,1.0,0,0.003366997088276147
2025-10-14 20:00:00,112992.87,1.0,0,0.0012021112482585306
2025-10-14 21:00:00,113128.7,1.0,0,0.000735180374211053
2025-10-14 22:00:00,113211.87,1.0,0,-0.0016228863634175639
2025-10-14 23:00:00,113028.14,1.0,0,-0.0003032873052675189
2025-10-15 00:00:00,112993.86,1.0,0,-0.0022628663185769726
2025-10-15 01:00:00,112738.17,1.0,0,0.0006366078143720255
2025-10-15 02:00:00,112809.94,1.0,0,-0.0069643685653941745
2025-10-15 03:00:00,112024.29,1.0,0,0.0028611651990833042
2025-10-15 04:00:00,112344.81,1.0,0,0.0007756477580049825
2025-10-15 05:00:00,112431.95,1.0,0,0.00025366454997888255
2025-10-15 06:00:00,112460.47,1.0,0,0.0011028764151528314
2025-10-15 07:00:00,112584.5,1.0,0,0.0032007070245017033
2025-10-15 08:00:00,112944.85,1.0,0,-0.003371911158410623
2025-10-15 09:00:00,112564.01,1.0,0,-0.0026411639030982093
2025-10-15 10:00:00,112266.71,1.0,0,-0.0032153788064156474
2025-10-15 11:00:00,111905.73,1.0,0,-0.0017378913483696579
2025-10-15 12:00:00,111711.25,1.0,0,-0.002884669180588384
2025-10-15 13:00:00,111389.0,1.0,0,-0.0029557676251694698
2025-10-15 14:00:00,111059.76,1.0,0,-0.0023568392368217284
2025-10-15 15:00:00,110798.01,1.0,0,-0.0004513618972037392
2025-10-15 16:00:00,110748.0,1.0,0,0.003961967710477854
2025-10-15 17:00:00,111186.78,1.0,0,0.0023202398702435456
2025-10-15 18:00:00,111444.76,1.0,0,-0.0015526077672920469
2025-10-15 19:00:00,111271.73,1.0,0,-0.0014556257910253168
2025-10-15 20:00:00,111109.76,1.0,0,-0.0023001579699208907
2025-10-15 21:00:00,110854.19,1.0,0,-0.0016798643334997587
2025-10-15 22:00:00,110667.97,1.0,0,0.0008612247970212206
2025-10-15 23:00:00,110763.28,1.0,0,-0.0029974735309390432
2025-10-16 00:00:00,110431.27,1.0,0,0.007866612418746977
2025-10-16 01:00:00,111299.99,1.0,0,0.0018907459021333395
2025-10-16 02:00:00,111510.43,1.0,0,-0.0016227181618795328
2025-10-16 03:00:00,111329.48,1.0,0,-0.0032646339496061882
2025-10-16 04:00:00,110966.03,1.0,0,-0.0001341852096538032
2025-10-16 05:00:00,110951.14,1.0,0,0.00645049703860634
2025-10-16 06:00:00,111666.83,1.0,0,-0.009695179848841495
2025-10-16 07:00:00,110584.2,1.0,0,0.0021097046413502962
2025-10-16 08:00:00,110817.5,1.0,0,0.00296713064272347
2025-10-16 09:00:00,111146.31,1.0,0,0.002908958471045997
2025-10-16 10:00:00,111469.63,1.0,0,-0.0005823110743258253
2025-10-16 11:00:00,111404.72,1.0,0,0.0010264376590147783
2025-10-16 12:00:00,111519.07,1.0,0,-0.005909930920334983
2025-10-16 13:00:00,110860.0,1.0,0,-0.0029826808587407605
2025-10-16 14:00:00,110529.34,1.0,0,-0.01791497171701184
2025-10-16 15:00:00,108549.21,1.0,0,0.006294103844698418
2025-10-16 16:00:00,109232.43,1.0,0,-0.008749507815581814
2025-10-16 17:00:00,108276.7,1.0,0,0.0035048168257807433
2025-10-16 18:00:00,108656.19,1.0,0,-0.004220008082374327
2025-10-16 19:00:00,108197.66,1.0,0,-0.003324009040491349
2025-10-16 20:00:00,107838.01,1.0,0,0.005616665218507011
2025-10-16 21:00:00,108443.7,1.0,0,-0.005946403525515898
2025-10-16 22:00:00,107798.85,1.0,0,0.0036682209504088625
2025-10-16 23:00:00,108194.28,1.0,0,0.005598447533455619
2025-10-17 00:00:00,108800.0,1.0,0,0.0003661764705882309
2025-10-17 01:00:00,108839.84,1.0,0,0.0012231734262013738
2025-10-17 02:00:00,108972.97,1.0,0,0.0018699132454589318
2025-10-17 03:00:00,109176.74,1.0,0,-0.0035674265415875928
2025-10-17 04:00:00,108787.26,1.0,0,-0.0037274585277724537
2025-10-17 05:00:00,108381.76,1.0,0,-0.015136126226405588
2025-10-17 06:00:00,106741.28,1.0,0,-0.01037583585282098
2025-10-17 07:00:00,105633.75,1.0,0,-0.007094039547019704
2025-10-17 08:00:00,104884.38,1.0,0,-0.0033658968094200103
2025-10-17 09:00:00,104531.35,1.0,0,0.002110754333508602
2025-10-17 10:00:00,104751.99,1.0,0,0.008894628159331397
2025-10-17 11:00:00,105683.72,1.0,0,-0.0031539389415892183
2025-10-17 12:00:00,105350.4,1.0,0,0.004605867656886087
2025-10-17 13:00:00,105835.63,1.0,0,-0.006351452719655981
2025-10-17 14:00:00,105163.42,1.0,0,0.015595822197490339
2025-10-17 15:00:00,106803.53,1.0,0,-0.004037226110410463
2025-10-17 16:00:00,106372.34,1.0,0,0.0007608180848517332
2025-10-17 17:00:00,106453.27,1.0,0,0.0018208928668888014
2025-10-17 18:00:00,106647.11,1.0,0,-0.0018039869997414915
2025-10-17 19:00:00,106454.72,1.0,0,0.005322920392820452
2025-10-17 20:00:00,107021.37,1.0,0,0.002616580221314724
2025-10-17 21:00:00,107301.4,1.0,0,-0.002807978274281475
2025-10-17 22:00:00,107000.1,1.0,0,-0.0053123314838025015
2025-10-17 23:00:00,106431.68,1.0,0,0.003888315960060007
2025-10-18 00:00:00,106845.52,1.0,0,0.0028431702143429938
2025-10-18 01:00:00,107149.3,1.0,0,-0.005145343926651891
2025-10-18 02:00:00,106597.98,1.0,0,0.00443179129660809
2025-10-18 03:00:00,107070.4,1.0,0,-0.005526177169413615
2025-10-18 04:00:00,106478.71,1.0,0,0.0031349929013977373
2025-10-18 05:00:00,106812.52,1.0,0,0.0002568987231084119
2025-10-18 06:00:00,106839.96,1.0,0,-0.0016375895311080413
2025-10-18 07:00:00,106665.0,1.0,0,0.0005081329395770773
2025-10-18 08:00:00,106719.2,1.0,0,0.0015480813199499899
2025-10-18 09:00:00,106884.41,1.0,0,0.00037479740965018493
2025-10-18 10:00:00,106924.47,1.0,0,0.002657296313930857
2025-10-18 11:00:00,107208.6,1.0,0,-0.001337859089662663
2025-10-18 12:00:00,107065.17,1.0,0,-0.0016475012368635245
2025-10-18 13:00:00,106888.78,1.0,0,0.0013058433261190494
2025-10-18 14:00:00,107028.36,1.0,0,-0.000743821544121559
2025-10-18 15:00:00,106948.75,1.0,0,-0.00266239670870394
2025-10-18 16:00:00,106664.01,1.0,0,0.0020252379410825583
2025-10-18 17:00:00,106880.03,1.0,0,-0.0003394460125057952
2025-10-18 18:00:00,106843.75,1.0,0,0.0022124831822170066
2025-10-18 19:00:00,107080.14,1.0,0,-0.0005755502374203969
2025-10-18 20:00:00,107018.51,1.0,0,0.0014814259701430021
2025-10-18 21:00:00,107177.05,1.0,0,-0.00047752760502373093
2025-10-18 22:00:00,107125.87,1.0,0,0.0005520608607425537
2025-10-18 23:00:00,107185.01,1.0,0,-0.002677426628966084
2025-10-19 00:00:00,106898.03,1.0,0,0.0007037547838812941
2025-10-19 01:00:00,106973.26,1.0,0,-0.0011801080008218001
2025-10-19 02:00:00,106847.02,1.0,0,0.00401284003989999
2025-10-19 03:00:00,107275.78,1.0,0,-0.0021335664024070278
2025-10-19 04:00:00,107046.9,1.0,0,-0.0014788844889482844
2025-10-19 05:00:00,106888.59,1.0,0,-0.0010369675565932157
2025-10-19 06:00:00,106777.75,1.0,0,7.726328752943878e-05
2025-10-19 07:00:00,106786.0,1.0,0,-0.00320313524244753
2025-10-19 08:00:00,106443.95,1.0,0,0.008995532390521088
2025-10-19 09:00:00,107401.47,1.0,0,0.00448075803804171
2025-10-19 10:00:00,107882.71,1.0,0,-0.0009198879041878438
2025-10-19 11:00:00,107783.47,1.0,0,-0.0014106059120198022
2025-10-19 12:00:00,107631.43,1.0,0,0.004319463190259665
2025-10-19 13:00:00,108096.34,1.0,0,0.0028597637995884106
2025-10-19 14:00:00,108405.47,1.0,0,0.0007493164320950818
2025-10-19 15:00:00,108486.7,1.0,0,0.0012673442919730604
2025-10-19 16:00:00,108624.19,1.0,0,0.00450479768824974
2025-10-19 17:00:00,109113.52,1.0,0,0.002469813090073547
2025-10-19 18:00:00,109383.01,-1.0,-1,-0.004338699401305601
2025-10-19 19:00:00,108908.43,-1.0,0,-0.000581864966743173
2025-10-19 20:00:00,108845.06,-1.0,0,-0.0009209421171708643
2025-10-19 21:00:00,108744.82,-1.0,0,0.0036965438905502968
2025-10-19 22:00:00,109146.8,1.0,1,-0.004617817471515462
2025-10-19 23:00:00,108642.78,1.0,0,-0.005479609413529318
2025-10-20 00:00:00,108047.46,1.0,0,5.66417757530413e-05
2025-10-20 01:00:00,108053.58,1.0,0,0.0066026502777603024
2025-10-20 02:00:00,108767.02,1.0,0,0.012673143017065236
2025-10-20 03:00:00,110145.44,1.0,0,0.002511769892607374
2025-10-20 04:00:00,110422.1,1.0,0,0.005539561374036328
2025-10-20 05:00:00,111033.79,1.0,0,0.0023844993492523336
2025-10-20 06:00:00,111298.55,-1.0,-1,-0.0011557203575428554
2025-10-20 07:00:00,111169.92,-1.0,0,-0.0006545835420229684
2025-10-20 08:00:00,111097.15,-1.0,0,-0.001197330444570266
2025-10-20 09:00:00,110964.13,-1.0,0,-0.0020939199000614694
2025-10-20 10:00:00,110731.78,-1.0,0,0.002573515931921344
2025-10-20 11:00:00,111016.75,-1.0,0,-0.0015577829471679072
2025-10-20 12:00:00,110843.81,-1.0,0,0.002864751761961326
2025-10-20 13:00:00,111161.35,-1.0,0,0.00044538861753662395
2025-10-20 14:00:00,111210.86,-1.0,0,-0.0005962547182891687
2025-10-20 15:00:00,111144.55,1.0,1,-0.004150990759331008
2025-10-20 16:00:00,110683.19,1.0,0,-0.0036178032093221457
2025-10-20 17:00:00,110282.76,1.0,0,0.005940729085851748
2025-10-20 18:00:00,110937.92,1.0,0,-0.0012141925862680925
2025-10-20 19:00:00,110803.22,1.0,0,0.002601368443985619
2025-10-20 20:00:00,111091.46,1.0,0,-0.004755181001312003
2025-10-20 21:00:00,110563.2,1.0,0,0.0020882174177303536
2025-10-20 22:00:00,110794.08,1.0,0,-0.002364657028606665
2025-10-20 23:00:00,110532.09,1.0,0,-0.0007726263024611102
2025-10-21 00:00:00,110446.69,1.0,0,-0.005283091779391458
2025-10-21 01:00:00,109863.19,1.0,0,-0.0031700335662927515
2025-10-21 02:00:00,109514.92,1.0,0,-0.00416107686514311
2025-10-21 03:00:00,109059.22,1.0,0,-0.011732341382966083
2025-10-21 04:00:00,107779.7,1.0,0,-0.0022507021266527927
2025-10-21 05:00:00,107537.12,1.0,0,0.0034655010288540122
2025-10-21 06:00:00,107909.79,1.0,0,0.0016363668208416726
2025-10-21 07:00:00,108086.37,1.0,0,-0.0036135916119673928
2025-10-21 08:00:00,107695.79,1.0,0,0.0005430110127797594
2025-10-21 09:00:00,107754.27,1.0,0,0.0069165704523819205
2025-10-21 10:00:00,108499.56,1.0,0,0.000741477661291956
2025-10-21 11:00:00,108580.01,1.0,0,0.0019652788759183526
2025-10-21 12:00:00,108793.4,1.0,0,-0.003368035193311303
2025-10-21 13:00:00,108426.98,1.0,0,0.034525908588434406
2025-10-21 14:00:00,112170.52,1.0,0,0.01116238027602967
2025-10-21 15:00:00,113422.61,1.0,0,-0.007553432247767833
2025-10-21 16:00:00,112565.88,-1.0,-1,-0.005263228964229705
2025-10-21 17:00:00,111973.42,-1.0,0,0.00015298273465269574
2025-10-21 18:00:00,111990.55,-1.0,0,-0.0018765869084490516
2025-10-21 19:00:00,111780.39,-1.0,0,-0.008881969368688014
2025-10-21 20:00:00,110787.56,-1.0,0,0.000259595932972978
2025-10-21 21:00:00,110816.32,-1.0,0,-0.01578594199843497
2025-10-21 22:00:00,109066.98,1.0,1,-0.007053555530738942
2025-10-21 23:00:00,108297.67,1.0,0,-0.002876608517985657
2025-10-22 00:00:00,107986.14,1.0,0,0.003501097455655078
2025-10-22 01:00:00,108364.21,1.0,0,-0.0015259650764768429
2025-10-22 02:00:00,108198.85,1.0,0,0.00015868930215057198
2025-10-22 03:00:00,108216.02,1.0,0,0.0037848370324466973
2025-10-22 04:00:00,108625.6,1.0,0,-0.004223590019295731
2025-10-22 05:00:00,108166.81,1.0,0,-0.001726869822637811
2025-10-22 06:00:00,107980.02,1.0,0,0.0031636408291089158
2025-10-22 07:00:00,108321.63,1.0,0,-0.0008523690051562838
2025-10-22 08:00:00,108229.3,1.0,0,-0.002459315545790264
2025-10-22 09:00:00,107963.13,1.0,0,-0.0028264278740345317
2025-10-22 10:00:00,107657.98,1.0,0,-0.0009560833298190019
2025-10-22 11:00:00,107555.05,1.0,0,0.004554969757347482
2025-10-22 12:00:00,108044.96,1.0,0,0.006834191988224214
2025-10-22 13:00:00,108783.36,1.0,0,0.0015088704743078107
2025-10-22 14:00:00,108947.5,1.0,0,-0.004873907157116997
2025-10-22 15:00:00,108416.5,1.0,0,-0.0017571126166220363
2025-10-22 16:00:00,108226.0,1.0,0,-0.0041353279248979025
2025-10-22 17:00:00,107778.45,1.0,0,0.0022720683030792443
2025-10-22 18:00:00,108023.33,1.0,0,-0.001416175561334776
2025-10-22 19:00:00,107870.35,1.0,0,-0.0016160140390756306
2025-10-22 20:00:00,107696.03,1.0,0,-0.004531736220917404
2025-10-22 21:00:00,107207.98,1.0,0,-0.0001040967286203287
2025-10-22 22:00:00,107196.82,1.0,0,0.0034573786797034156
2025-10-22 23:00:00,107567.44,1.0,0,0.002583123666417997
2025-10-23 00:00:00,107845.3,1.0,0,0.0028253433390235116
2025-10-23 01:00:00,108150.0,1.0,0,0.002406749884419801
2025-10-23 02:00:00,108410.29,1.0,0,-0.00029821892368320224
2025-10-23 03:00:00,108377.96,1.0,0,0.002457695273097915
2025-10-23 04:00:00,108644.32,1.0,0,0.0027268797853399196
2025-10-23 05:00:00,108940.58,1.0,0,0.0119914911413177
2025-10-23 06:00:00,110246.94,1.0,0,-0.008697565664861129
